"","fitted.results","testData.temp.name"
"1",0,"0020-JDNXP"
"2",0,"0022-TCJCI"
"3",0,"0074-HDKDG"
"4",0,"0080-EMYVY"
"5",0,"0121-SNYRK"
"6",0,"0234-TEVTT"
"7",0,"0305-SQECB"
"8",0,"0373-AIVNJ"
"9",0,"0378-XSZPU"
"10",0,"0384-LPITE"
"11",0,"0440-MOGPM"
"12",0,"0489-WMEMG"
"13",0,"0533-UCAAU"
"14",0,"0657-DOGUM"
"15",0,"0661-KBKPA"
"16",0,"0661-WCQNQ"
"17",0,"0667-NSRGI"
"18",0,"0723-VSOBE"
"19",0,"0980-FEXWF"
"20",0,"1032-MAELW"
"21",0,"1121-QSIVB"
"22",0,"1122-YJBCS"
"23",0,"1183-CANVH"
"24",0,"1265-HVPZB"
"25",0,"1282-IHQAC"
"26",0,"1301-LOPVR"
"27",0,"1337-BOZWO"
"28",0,"1353-GHZOS"
"29",0,"1623-NLDOT"
"30",0,"1661-CZBAU"
"31",0,"1729-VLAZJ"
"32",0,"1752-OZXFY"
"33",0,"1834-ABKHQ"
"34",0,"1929-ZCBHE"
"35",0,"2137-DQMEV"
"36",0,"2150-WLKUW"
"37",0,"2157-MXBJS"
"38",0,"2188-SXWVT"
"39",0,"2259-OUUSZ"
"40",0,"2316-ESMLS"
"41",0,"2325-ZUSFD"
"42",0,"2348-KCJLT"
"43",0,"2364-UFROM"
"44",0,"2511-MORQY"
"45",0,"2546-KZAAT"
"46",0,"2577-GVSIL"
"47",0,"2581-VKIRT"
"48",0,"2639-UGMAZ"
"49",0,"2680-XKKNJ"
"50",0,"2703-AMTUL"
"51",0,"2851-STERV"
"52",0,"2858-MOFSQ"
"53",0,"2969-VAPYH"
"54",0,"2969-WGHQO"
"55",0,"3230-WYKIR"
"56",0,"3354-OADJP"
"57",0,"3468-DRVQJ"
"58",0,"3482-ABPKK"
"59",0,"3585-YNADK"
"60",0,"3606-SBKRY"
"61",0,"3638-DIMPH"
"62",0,"3740-RLMVT"
"63",0,"3800-LYTRK"
"64",0,"3863-IUBJR"
"65",0,"3915-ODIYG"
"66",0,"3941-XTSKM"
"67",0,"4086-ATNFV"
"68",0,"4106-HADHQ"
"69",0,"4123-FCVCB"
"70",0,"4369-NYSCF"
"71",0,"4404-HIBDJ"
"72",0,"4501-UYKBC"
"73",0,"4508-OEBEY"
"74",0,"4544-RXFMG"
"75",0,"4547-FZJWE"
"76",0,"4549-ZDQYY"
"77",0,"4611-ANLQC"
"78",0,"4626-OZDTJ"
"79",0,"4702-HDRKD"
"80",0,"4759-PXTAN"
"81",0,"4785-QRJHC"
"82",0,"4877-TSOFF"
"83",0,"4903-CNOZC"
"84",0,"4905-JEFDW"
"85",0,"4906-ZHGPK"
"86",0,"4942-VZZOM"
"87",0,"5062-CJJKH"
"88",0,"5125-CNDSP"
"89",0,"5127-BZENZ"
"90",0,"5160-UXJED"
"91",0,"5196-WPYOW"
"92",0,"5315-CKEQK"
"93",0,"5498-IBWPI"
"94",0,"5499-ECUTN"
"95",0,"5524-KHNJP"
"96",0,"5724-BIDBU"
"97",0,"5844-QVTAT"
"98",0,"5872-OEQNH"
"99",0,"5906-DVAPM"
"100",0,"5915-DGNVC"
"101",0,"5985-TBABQ"
"102",0,"5989-OMNJE"
"103",0,"6047-SUHPR"
"104",0,"6061-GWWAV"
"105",0,"6195-MELTI"
"106",0,"6253-WRFHY"
"107",0,"6261-RCVNS"
"108",0,"6281-FKEWS"
"109",0,"6332-FBZRI"
"110",0,"6341-JVQGF"
"111",0,"6402-SSEJG"
"112",0,"6461-PPAXN"
"113",0,"6537-OTKMY"
"114",0,"6576-FBXOJ"
"115",0,"6584-VQMYT"
"116",0,"6663-JOCQO"
"117",0,"6693-DJWTY"
"118",0,"6810-VCAEX"
"119",0,"6933-FHBZC"
"120",0,"6967-PEJLL"
"121",0,"6992-TKNYO"
"122",0,"7029-IJEJK"
"123",0,"7089-XXAYG"
"124",0,"7153-CHRBV"
"125",0,"7184-LRUUR"
"126",0,"7228-PAQPD"
"127",0,"7269-JISCY"
"128",0,"7325-ENZFI"
"129",0,"7338-ERIVA"
"130",0,"7470-DYNOE"
"131",0,"7619-PLRLP"
"132",0,"7636-PEPNS"
"133",0,"7670-ZBPOQ"
"134",0,"7750-EYXWZ"
"135",0,"7753-USQYQ"
"136",0,"7795-CFOCW"
"137",0,"7841-FCRQD"
"138",0,"7931-PXHFC"
"139",0,"7945-HLKEA"
"140",0,"8050-WYBND"
"141",0,"8200-KLNYW"
"142",0,"8314-DPQHL"
"143",0,"8318-LCNBW"
"144",0,"8331-ZXFOE"
"145",0,"8672-OAUPW"
"146",0,"8690-UPCZI"
"147",0,"8738-JOKAR"
"148",0,"8745-PVESG"
"149",0,"8869-TORSS"
"150",0,"8879-ZKJOF"
"151",0,"8883-GRDWQ"
"152",0,"8898-KASCD"
"153",0,"8985-OOPOS"
"154",0,"9114-AAFQH"
"155",0,"9139-TWBAS"
"156",0,"9199-PWQVC"
"157",0,"9207-ZPANB"
"158",0,"9314-QDMDW"
"159",0,"9357-UJRUN"
"160",0,"9378-FXTIZ"
"161",0,"9388-ZEYVT"
"162",0,"9411-TPQQV"
"163",0,"9500-IWPXQ"
"164",0,"9513-DXHDA"
"165",0,"9609-BENEA"
"166",0,"9640-ZSLDC"
"167",0,"9691-HKOVS"
"168",0,"9702-AIUJO"
"169",0,"9803-FTJCG"
"170",0,"9931-DCEZH"
"171",0,"9955-QOPOY"
"172",0,"0042-RLHYP"
"173",0,"0064-SUDOG"
"174",0,"0071-NDAFP"
"175",0,"0206-OYVOC"
"176",0,"0281-CNTZX"
"177",0,"0362-RAOQO"
"178",0,"0397-ZXWQF"
"179",0,"0402-OAMEN"
"180",0,"0463-TXOAK"
"181",0,"0480-KYJVA"
"182",0,"0508-SQWPL"
"183",0,"0559-CKHUS"
"184",0,"0582-AVCLN"
"185",0,"0613-WUXUM"
"186",0,"0827-ITJPH"
"187",0,"0847-HGRML"
"188",0,"0962-CQPWQ"
"189",0,"0971-QIFJK"
"190",0,"1089-XZWHH"
"191",0,"1093-YSWCA"
"192",0,"1098-KFQEC"
"193",0,"1099-GODLO"
"194",0,"1131-QQZEB"
"195",0,"1167-OYZJF"
"196",0,"1293-BSEUN"
"197",0,"1306-RPWXZ"
"198",0,"1328-EUZHC"
"199",0,"1354-YZFNB"
"200",0,"1535-VTJOQ"
"201",0,"1635-NZATJ"
"202",0,"1699-TLDLZ"
"203",0,"1705-GUHPV"
"204",0,"1767-CJKBA"
"205",0,"1830-IPXVJ"
"206",0,"1839-FBNFR"
"207",0,"1862-QRWPE"
"208",0,"1987-AUELQ"
"209",0,"2068-WWXQZ"
"210",0,"2075-PUEPR"
"211",0,"2143-LJULT"
"212",0,"2146-EGVDT"
"213",0,"2169-RRLFW"
"214",0,"2229-DPMBI"
"215",0,"2300-RQGOI"
"216",0,"2333-KWEWW"
"217",0,"2569-WGERO"
"218",0,"2632-TACXW"
"219",0,"2642-MAWLJ"
"220",0,"2729-VNVAP"
"221",0,"2799-TSLAG"
"222",0,"2805-AUFQN"
"223",0,"2900-PHPLN"
"224",0,"2908-WGAXL"
"225",0,"2995-YWTCD"
"226",0,"3070-FNFZQ"
"227",0,"3129-AAQOU"
"228",0,"3173-WSSUE"
"229",0,"3284-SVCRO"
"230",0,"3359-DSRKA"
"231",0,"3373-DIUUN"
"232",0,"3451-VAWLI"
"233",0,"3454-JFUBC"
"234",0,"3507-GASNP"
"235",0,"3521-HTQTV"
"236",0,"3642-BYHDO"
"237",0,"3662-FXJFO"
"238",0,"3764-MNMOI"
"239",0,"3769-MHZNV"
"240",0,"3774-VBNXY"
"241",0,"3777-XROBG"
"242",0,"3873-WOSBC"
"243",0,"3957-SQXML"
"244",0,"3967-VQOGC"
"245",0,"3970-XGJDU"
"246",0,"3976-HXHCE"
"247",0,"4195-PNGZS"
"248",0,"4299-OPXEJ"
"249",0,"4312-KFRXN"
"250",0,"4335-BSMJS"
"251",0,"4443-EMBNA"
"252",0,"4635-EJYPD"
"253",0,"4641-FROLU"
"254",0,"4652-ODEVH"
"255",0,"4656-CAURT"
"256",0,"4707-MAXGU"
"257",0,"4735-BJKOU"
"258",0,"4774-HHGGS"
"259",0,"4779-ZGICK"
"260",0,"4883-KCPZJ"
"261",0,"4933-BSAIP"
"262",0,"4950-HKQTE"
"263",0,"4990-ALDGW"
"264",0,"5006-MXVRN"
"265",0,"5057-RKGLH"
"266",0,"5093-FEGLU"
"267",0,"5146-YYFRZ"
"268",0,"5171-EPLKN"
"269",0,"5176-LMJXE"
"270",0,"5296-BFCYD"
"271",0,"5406-KGRMX"
"272",0,"5495-GPSRW"
"273",0,"5567-GZKQY"
"274",0,"5647-URDKA"
"275",0,"5696-EXCYS"
"276",0,"5730-DBDSI"
"277",0,"5845-BZZIB"
"278",0,"5854-KSRBJ"
"279",0,"5859-HZYLF"
"280",0,"5902-WBLSE"
"281",0,"5968-HYJRZ"
"282",0,"5982-XMDEX"
"283",0,"6000-UKLWI"
"284",0,"6080-LNESI"
"285",0,"6139-ZZRBQ"
"286",0,"6169-PPETC"
"287",0,"6292-TOSSS"
"288",0,"6340-DACFT"
"289",0,"6349-JDHQP"
"290",0,"6425-JWTDV"
"291",0,"6518-PPLMZ"
"292",0,"6614-YWYSC"
"293",0,"6725-TPKJO"
"294",0,"6813-GZQCG"
"295",0,"6828-HMKWP"
"296",0,"6857-TKDJV"
"297",0,"6980-IMXXE"
"298",0,"7010-BRBUU"
"299",0,"7014-ZZXAW"
"300",0,"7033-CLAMM"
"301",0,"7196-LIWRH"
"302",0,"7205-BAIAD"
"303",0,"7225-IILWY"
"304",0,"7268-WNTCP"
"305",0,"7469-LKBCI"
"306",0,"7480-SPLEF"
"307",0,"7503-EPSZW"
"308",0,"7596-IIWYC"
"309",0,"7601-GNDYK"
"310",0,"7608-RGIRO"
"311",0,"7673-BQGKU"
"312",0,"7684-XSZIY"
"313",0,"7711-GQBZC"
"314",0,"7729-XBTWX"
"315",0,"7876-DNYAP"
"316",0,"7951-QKZPL"
"317",0,"8028-PNXHQ"
"318",0,"8098-TDCBU"
"319",0,"8143-ETQTI"
"320",0,"8164-OCKUJ"
"321",0,"8173-RXAYP"
"322",0,"8232-UTFOZ"
"323",0,"8237-ULIXL"
"324",0,"8292-ITGYJ"
"325",0,"8361-LBRDI"
"326",0,"8388-DMKAE"
"327",0,"8434-VGEQQ"
"328",0,"8464-EETCQ"
"329",0,"8532-UEFWH"
"330",0,"8544-JNBOX"
"331",0,"8559-WNQZS"
"332",0,"8606-OEGQZ"
"333",0,"8612-GXIDD"
"334",0,"8735-SDUFN"
"335",0,"8838-GPHZP"
"336",0,"8857-CUPFQ"
"337",0,"8908-SLFCJ"
"338",0,"8917-SZTTJ"
"339",0,"8946-BFWSG"
"340",0,"8966-SNIZF"
"341",0,"8999-EXMNO"
"342",0,"9087-EYCPR"
"343",0,"9108-EQPNQ"
"344",0,"9135-HSWOC"
"345",0,"9153-BTBVV"
"346",0,"9251-AWQGT"
"347",0,"9365-CSLBQ"
"348",0,"9392-XBGTD"
"349",0,"9424-CMPOG"
"350",0,"9565-AXSMR"
"351",0,"9585-KKMFD"
"352",0,"9646-NMHXE"
"353",0,"9650-VBUOG"
"354",0,"9661-JALZV"
"355",0,"9668-PUGNU"
"356",0,"9710-NJERN"
"357",0,"9764-REAFF"
"358",0,"9798-OPFEM"
"359",0,"9800-OUIGR"
"360",0,"9945-PSVIP"
"361",0,"9964-WBQDJ"
"362",0,"9972-EWRJS"
"363",0,"0048-LUMLS"
"364",0,"0080-OROZO"
"365",0,"0100-DUVFC"
"366",0,"0193-ESZXP"
"367",0,"0197-PNKNK"
"368",0,"0233-FTHAV"
"369",0,"0369-ZGOVK"
"370",0,"0431-APWVY"
"371",0,"0440-UEDAI"
"372",0,"0442-ZXKVS"
"373",0,"0471-ARVMX"
"374",0,"0512-FLFDW"
"375",0,"0516-UXRMT"
"376",0,"0623-EJQEG"
"377",0,"0670-ANMUU"
"378",0,"0691-NIKRI"
"379",0,"0750-EBAIU"
"380",0,"0824-VWDPO"
"381",0,"1090-PYKCI"
"382",0,"1131-SUEKT"
"383",0,"1174-FGIFN"
"384",0,"1217-VASWC"
"385",0,"1347-KTTTA"
"386",0,"1360-JYXKQ"
"387",0,"1360-XFJMR"
"388",0,"1370-GGAWX"
"389",0,"1442-OKRJE"
"390",0,"1444-VVSGW"
"391",0,"1470-PSXNM"
"392",0,"1625-JAIIY"
"393",0,"1644-IRKSF"
"394",0,"1710-RCXUS"
"395",0,"1810-BOHSY"
"396",0,"1855-AGAWH"
"397",0,"1899-VXWXM"
"398",0,"1950-KSVVJ"
"399",0,"2205-LPVGL"
"400",0,"2293-IJWPS"
"401",0,"2325-WINES"
"402",0,"2330-PQGDQ"
"403",0,"2403-BCASL"
"404",0,"2408-TZMJL"
"405",0,"2432-TFSMK"
"406",0,"2558-BUOZZ"
"407",0,"2560-PPCHE"
"408",0,"2659-VXMWZ"
"409",0,"2673-CXQEU"
"410",0,"2806-MLNTI"
"411",0,"2886-KEFUM"
"412",0,"2896-TBNBE"
"413",0,"2924-KHUVI"
"414",0,"2931-VUVJN"
"415",0,"2972-YDYUW"
"416",0,"3096-WPXBT"
"417",0,"3104-OWCGK"
"418",0,"3115-JPJDD"
"419",0,"3301-VKTGC"
"420",0,"3313-QKNKB"
"421",0,"3351-NQLDI"
"422",0,"3410-MHHUM"
"423",0,"3511-APPBJ"
"424",0,"3685-YLCMQ"
"425",0,"3865-YIOTT"
"426",0,"4088-YLDSU"
"427",0,"4184-VODJZ"
"428",0,"4250-ZBWLV"
"429",0,"4274-DRSQT"
"430",0,"4355-CVPVS"
"431",0,"4377-VDHYI"
"432",0,"4423-JWZJN"
"433",0,"4531-AUZNK"
"434",0,"4567-AKPIA"
"435",0,"4612-THJBS"
"436",0,"4628-WQCQQ"
"437",0,"4676-MQUEA"
"438",0,"4692-NNQRU"
"439",0,"4837-QUSFT"
"440",0,"4908-XAXAY"
"441",0,"4913-EHYUI"
"442",0,"5136-KCKGI"
"443",0,"5149-QYTTU"
"444",0,"5168-MQQCA"
"445",0,"5174-ITUMV"
"446",0,"5195-KPUNQ"
"447",0,"5197-PYEPU"
"448",0,"5198-EFNBM"
"449",0,"5294-IMHHT"
"450",0,"5297-MDOIR"
"451",0,"5440-VHLUL"
"452",0,"5447-WZAFP"
"453",0,"5569-IDSEY"
"454",0,"5593-SUAOO"
"455",0,"5649-VUKMC"
"456",0,"5651-CRHKQ"
"457",0,"5671-UUNXD"
"458",0,"5734-EJKXG"
"459",0,"5913-INRQV"
"460",0,"5945-AZYHT"
"461",0,"5966-EMAZU"
"462",0,"5981-ZVXOT"
"463",0,"6097-EQISJ"
"464",0,"6202-DYYFX"
"465",0,"6265-SXWBU"
"466",0,"6266-QHOJZ"
"467",0,"6284-KMNUF"
"468",0,"6383-ZTSIW"
"469",0,"6425-YQLLO"
"470",0,"6723-WSNTY"
"471",0,"6726-WEXXK"
"472",0,"6728-DKUCO"
"473",0,"6728-VOIFY"
"474",0,"6797-UCJHZ"
"475",0,"6807-SIWJI"
"476",0,"6821-JPCDC"
"477",0,"6869-FGJJC"
"478",0,"7064-FRRSW"
"479",0,"7067-KSAZT"
"480",0,"7123-WQUHX"
"481",0,"7129-AZJDE"
"482",0,"7203-OYKCT"
"483",0,"7245-JMTTQ"
"484",0,"7402-PWYJJ"
"485",0,"7472-EQOAV"
"486",0,"7607-QKKTJ"
"487",0,"7661-CPURM"
"488",0,"7663-ZTEGJ"
"489",0,"7694-VLBWQ"
"490",0,"7722-CVFXN"
"491",0,"7774-OJSXI"
"492",0,"7856-GANIL"
"493",0,"8008-ESFLK"
"494",0,"8133-ANHHJ"
"495",0,"8226-BXGES"
"496",0,"8267-ZNYVZ"
"497",0,"8294-UIMBA"
"498",0,"8375-KVTHK"
"499",0,"8406-LNMHF"
"500",0,"8597-CWYHH"
"501",0,"8634-CILSZ"
"502",0,"8679-LZBMD"
"503",0,"8707-RMEZH"
"504",0,"8769-KKTPH"
"505",0,"8849-PRIQJ"
"506",0,"8905-IAZPF"
"507",0,"8920-NAVAY"
"508",0,"8982-NHAVY"
"509",0,"9036-CSKBW"
"510",0,"9040-KZVWO"
"511",0,"9254-RBFON"
"512",0,"9323-HGFWY"
"513",0,"9356-AXGMP"
"514",0,"9391-DXGGG"
"515",0,"9402-ROUMJ"
"516",0,"9480-BQJEI"
"517",0,"9518-RWHZL"
"518",0,"9571-EDEBV"
"519",0,"9651-GTSAQ"
"520",0,"9738-QLWTP"
"521",0,"9844-FELAJ"
"522",0,"9978-HYCIN"
"523",0,"0014-BMAQU"
"524",0,"0019-EFAEP"
"525",0,"0020-INWCK"
"526",0,"0164-APGRB"
"527",0,"0248-PGHBZ"
"528",0,"0345-XMMUG"
"529",0,"0401-WDBXM"
"530",0,"0454-OKRCT"
"531",0,"0479-HMSWA"
"532",0,"0536-ACXIP"
"533",0,"0619-OLYUR"
"534",0,"0727-BNRLG"
"535",0,"0742-LAFQK"
"536",0,"0815-MFZGM"
"537",0,"0835-JKADZ"
"538",0,"0868-VJRDR"
"539",0,"1150-WFARN"
"540",0,"1291-CUOCY"
"541",0,"1304-SEGFY"
"542",0,"1409-PHXTF"
"543",0,"1414-YADCW"
"544",0,"1447-PJGGA"
"545",0,"1545-JFUML"
"546",0,"1555-DJEQW"
"547",0,"1576-PFZIW"
"548",0,"1621-YNCJH"
"549",0,"1741-WTPON"
"550",0,"1813-JYWTO"
"551",0,"1832-PEUTS"
"552",0,"2121-JAFOM"
"553",0,"2223-GDSHL"
"554",0,"2272-WUSPA"
"555",0,"2277-BKJKN"
"556",0,"2434-EEVDB"
"557",0,"2533-QVMSK"
"558",0,"2632-IVXVF"
"559",0,"2664-XJZNO"
"560",0,"2773-OVBPK"
"561",0,"2904-GGUAZ"
"562",0,"2988-QRAJY"
"563",0,"3022-BEXHZ"
"564",0,"3133-PZNSR"
"565",0,"3192-NQECA"
"566",0,"3363-DTIVD"
"567",0,"3407-JMJQQ"
"568",0,"3508-CFVZL"
"569",0,"3520-FJGCV"
"570",0,"3597-YASZG"
"571",0,"3612-YUNGG"
"572",0,"3617-XLSGQ"
"573",0,"3729-OWRVL"
"574",0,"3841-NFECX"
"575",0,"3870-SPZSI"
"576",0,"4304-TSPVK"
"577",0,"4419-UJMUS"
"578",0,"4513-CXYIX"
"579",0,"4683-WYDOU"
"580",0,"4713-ZBURT"
"581",0,"4806-DXQCE"
"582",0,"4853-RULSV"
"583",0,"5055-BRMNE"
"584",0,"5090-EMGTC"
"585",0,"5161-UBZXI"
"586",0,"5172-RKOCB"
"587",0,"5304-EFJLP"
"588",0,"5375-XLDOF"
"589",0,"5440-FLBQG"
"590",0,"5693-PIPCS"
"591",0,"5781-BKHOP"
"592",0,"5795-KTGUD"
"593",0,"5887-IKKYO"
"594",0,"5914-XRFQB"
"595",0,"6035-RIIOM"
"596",0,"6048-UWKAL"
"597",0,"6244-BESBM"
"598",0,"6295-OSINB"
"599",0,"6435-VWCCY"
"600",0,"6463-HHXJR"
"601",0,"6519-ZHPXP"
"602",0,"6556-DBKZF"
"603",0,"6650-BWFRT"
"604",0,"6733-LRIZX"
"605",0,"6734-FQAJX"
"606",0,"6749-UTDVX"
"607",0,"6804-GDMOI"
"608",0,"6837-HAEVO"
"609",0,"6993-YCOBK"
"610",0,"7017-VFHAY"
"611",0,"7030-FZTFM"
"612",0,"7036-TYDEC"
"613",0,"7173-TETGO"
"614",0,"7569-NMZYQ"
"615",0,"7570-WELNY"
"616",0,"7572-KPVKK"
"617",0,"7602-MVRMB"
"618",0,"7663-YJHSN"
"619",0,"7666-WKRON"
"620",0,"7691-XVTZH"
"621",0,"7730-CLDSV"
"622",0,"7740-BTPUX"
"623",0,"8015-IHCGW"
"624",0,"8041-TMEID"
"625",0,"8071-SBTRN"
"626",0,"8099-MZPUJ"
"627",0,"8107-RZLNV"
"628",0,"8216-AZUUZ"
"629",0,"8265-HKSOW"
"630",0,"8454-AATJP"
"631",0,"8480-PPONV"
"632",0,"8513-OLYGY"
"633",0,"8606-CIQUL"
"634",0,"8659-IOOPU"
"635",0,"8853-TZDGH"
"636",0,"8901-UPRHR"
"637",0,"8984-EYLLL"
"638",0,"9070-BCKQP"
"639",0,"9128-CPXKI"
"640",0,"9239-GZHZE"
"641",0,"9488-FYQAU"
"642",0,"9558-IHEZX"
"643",0,"9570-KYEUA"
"644",0,"9625-QNLUX"
"645",0,"9680-NIAUV"
"646",0,"9715-WZCLW"
"647",0,"9777-IQHWP"
"648",0,"9848-JQJTX"
"649",0,"9866-OCCKE"
"650",0,"9924-JPRMC"
"651",0,"0042-JVWOJ"
"652",0,"0052-YNYOT"
"653",0,"0129-QMPDR"
"654",0,"0203-HHYIJ"
"655",0,"0269-XFESX"
"656",0,"0428-AXXLJ"
"657",0,"0661-KQHNK"
"658",0,"0788-DXBFY"
"659",0,"0859-YGKFW"
"660",0,"0895-LNKRC"
"661",0,"0902-RFHOF"
"662",0,"0967-BMLBD"
"663",0,"1015-JPFYW"
"664",0,"1085-LDWAM"
"665",0,"1131-ALZWV"
"666",0,"1133-KXCGE"
"667",0,"1178-PZGAB"
"668",0,"1269-FOYWN"
"669",0,"1682-VCOIO"
"670",0,"1722-LDZJS"
"671",0,"1813-JLKWR"
"672",0,"1834-WULEG"
"673",0,"1934-MKPXS"
"674",0,"1964-SVLEA"
"675",0,"1998-VHJHK"
"676",0,"2122-SZZZD"
"677",0,"2239-CFOUJ"
"678",0,"2320-TZRRH"
"679",0,"2650-GYRYL"
"680",0,"2682-KEVRP"
"681",0,"2690-DVRVK"
"682",0,"2749-CTKAJ"
"683",0,"2878-DHMIN"
"684",0,"3125-RAHBV"
"685",0,"3146-JTQHR"
"686",0,"3178-CIFOT"
"687",0,"3372-CDXFJ"
"688",0,"3452-FLHYD"
"689",0,"3486-NPGST"
"690",0,"3547-LQRIK"
"691",0,"3705-PSNGL"
"692",0,"3727-OVPRY"
"693",0,"3887-PBQAO"
"694",0,"3982-JGSFD"
"695",0,"4092-OFQZS"
"696",0,"4163-HFTUK"
"697",0,"4163-NCJAK"
"698",0,"4291-YZODP"
"699",0,"4378-BZYFP"
"700",0,"4487-ZYJZK"
"701",0,"4518-FZBSX"
"702",0,"4815-TUMEQ"
"703",0,"5003-OKNNK"
"704",0,"5016-LIPDW"
"705",0,"5214-CHIWJ"
"706",0,"5312-TSZVC"
"707",0,"5324-KTGCG"
"708",0,"5519-TEEUH"
"709",0,"5546-QUERU"
"710",0,"5619-XZZKR"
"711",0,"5642-MHDQT"
"712",0,"5857-XRECV"
"713",0,"5917-RYRMG"
"714",0,"6072-NUQCB"
"715",0,"6100-FJZDG"
"716",0,"6188-UXBBR"
"717",0,"6223-DHJGV"
"718",0,"6248-BSHKG"
"719",0,"6260-XLACS"
"720",0,"6508-NJYRO"
"721",0,"6510-UPNKS"
"722",0,"6532-YLWSI"
"723",0,"6754-WKSHP"
"724",0,"6772-WFQRD"
"725",0,"6924-TDGMT"
"726",0,"6980-CDGFC"
"727",0,"7009-PCARS"
"728",0,"7026-YMSBE"
"729",0,"7216-KAOID"
"730",0,"7305-ZWMAJ"
"731",0,"7311-MQJCH"
"732",0,"7319-ZNRTR"
"733",0,"7353-YOWFP"
"734",0,"7560-QRBXH"
"735",0,"7665-VIGUD"
"736",0,"7677-SJJJK"
"737",0,"7706-YLMQA"
"738",0,"7872-BAAZR"
"739",0,"8327-WKMIE"
"740",0,"8332-OSJDW"
"741",0,"8395-ETZKQ"
"742",0,"8430-TWCBX"
"743",0,"8510-BBWMU"
"744",0,"8512-WIWYV"
"745",0,"8590-OHDIW"
"746",0,"8592-PLTMQ"
"747",0,"8779-YIQQA"
"748",0,"8884-FEEWR"
"749",0,"8884-MRNSU"
"750",0,"8958-JPTRR"
"751",0,"8966-OIQHG"
"752",0,"9067-SQTNS"
"753",0,"9229-RQABD"
"754",0,"9442-JTWDL"
"755",0,"9483-GCPWE"
"756",0,"9498-FIMXL"
"757",0,"9522-ZSINC"
"758",0,"9575-IWCAZ"
"759",0,"9746-UGFAC"
"760",0,"9845-QOMAD"
"761",0,"0098-BOWSO"
"762",0,"0142-GVYSN"
"763",0,"0178-CIIKR"
"764",0,"0247-SLUJI"
"765",0,"0278-YXOOG"
"766",0,"0347-UBKUZ"
"767",0,"0426-TIRNE"
"768",0,"0463-WZZKO"
"769",0,"0519-DRGTI"
"770",0,"0536-BGFMZ"
"771",0,"0547-HURJB"
"772",0,"0620-XEFWH"
"773",0,"0673-IGUQO"
"774",0,"0871-OPBXW"
"775",0,"0883-EIBTI"
"776",0,"0927-CNGRH"
"777",0,"0970-QXPXW"
"778",0,"1015-OWJKI"
"779",0,"1051-EQPZR"
"780",0,"1257-SXUXQ"
"781",0,"1383-EZRWL"
"782",0,"1385-TQOZW"
"783",0,"1488-SYSFC"
"784",0,"1493-AMTIE"
"785",0,"1498-DQNRX"
"786",0,"1577-HKTFG"
"787",0,"1622-HSHSF"
"788",0,"1663-MHLHE"
"789",0,"1724-IQWNM"
"790",0,"1725-MIMXW"
"791",0,"1735-XMJVH"
"792",0,"1755-RMCXH"
"793",0,"1784-BXEFA"
"794",0,"2061-VVFST"
"795",0,"2085-JVGAD"
"796",0,"2096-XOTMO"
"797",0,"2111-DWYHN"
"798",0,"2243-FNMMI"
"799",0,"2393-DIVAI"
"800",0,"2428-ZMCTB"
"801",0,"2439-QKJUL"
"802",0,"2542-HYGIQ"
"803",0,"2621-UDNLU"
"804",0,"2640-LYMOV"
"805",0,"2676-ISHSF"
"806",0,"2791-SFVEW"
"807",0,"2839-RFSQE"
"808",0,"2866-IKBTM"
"809",0,"2876-VBBBL"
"810",0,"2928-HLDBA"
"811",0,"2955-PSXOE"
"812",0,"3007-FDPEA"
"813",0,"3030-ZKIWL"
"814",0,"3039-MJSLN"
"815",0,"3043-SUDUA"
"816",0,"3181-MIZBN"
"817",0,"3318-ISQFQ"
"818",0,"3345-JHUEO"
"819",0,"3682-YEUWS"
"820",0,"3750-RNQKR"
"821",0,"3752-CQSJI"
"822",0,"3803-KMQFW"
"823",0,"3845-FXCYS"
"824",0,"3930-ZGWVE"
"825",0,"3976-NLDEZ"
"826",0,"4054-CUMIA"
"827",0,"4063-EIKNQ"
"828",0,"4182-BGSIQ"
"829",0,"4232-JGKIY"
"830",0,"4255-DDUOU"
"831",0,"4486-EFAEB"
"832",0,"4488-PSYCG"
"833",0,"4588-YBNIB"
"834",0,"4634-JLRJT"
"835",0,"4745-LSPLO"
"836",0,"4797-MIWUM"
"837",0,"4830-FAXFM"
"838",0,"4860-YZGZM"
"839",0,"4895-TMWIR"
"840",0,"4903-UYAVB"
"841",0,"4936-YPJNK"
"842",0,"4986-MXSFP"
"843",0,"5018-HEKFO"
"844",0,"5028-HTLJB"
"845",0,"5049-GLYVG"
"846",0,"5144-PQCDZ"
"847",0,"5186-PEIZU"
"848",0,"5468-BPMMO"
"849",0,"5539-HIVAK"
"850",0,"5577-OTWWW"
"851",0,"5616-PRTNT"
"852",0,"5688-KZTSN"
"853",0,"5702-SKUOB"
"854",0,"5774-XZTQC"
"855",0,"5850-BDWCY"
"856",0,"5863-OOKCL"
"857",0,"5996-DAOQL"
"858",0,"6082-GLJIX"
"859",0,"6112-KTHFQ"
"860",0,"6121-VZNQB"
"861",0,"6124-ACRHJ"
"862",0,"6131-JLWZM"
"863",1,"6286-SUUWT"
"864",0,"6380-ARCEH"
"865",0,"6394-HHHZM"
"866",0,"6469-QJKZW"
"867",0,"6509-TSGWN"
"868",0,"6770-XUAGN"
"869",0,"6776-TLWOI"
"870",0,"6942-LBFDP"
"871",0,"6972-SNKKW"
"872",0,"6979-TNDEU"
"873",0,"7010-ZMVBF"
"874",0,"7094-MSZAO"
"875",0,"7096-UCLNH"
"876",0,"7140-ADSMJ"
"877",0,"7168-HDQHG"
"878",0,"7343-EOBEU"
"879",0,"7526-IVLYU"
"880",0,"7531-GQHME"
"881",0,"7610-TVOPG"
"882",0,"7617-EYGLW"
"883",1,"7698-YFGEZ"
"884",0,"7727-SHVZV"
"885",0,"7785-RDVIG"
"886",0,"7814-LEEVE"
"887",0,"7839-QRKXN"
"888",0,"7853-WNZSY"
"889",0,"7893-IXHRQ"
"890",0,"7926-IJOOU"
"891",0,"7976-CICYS"
"892",0,"8053-WWDRO"
"893",0,"8150-QUDFX"
"894",0,"8267-KFGYD"
"895",0,"8329-IBCTI"
"896",0,"8393-JMVMB"
"897",0,"8457-XIGKN"
"898",0,"8573-CGOCC"
"899",0,"8681-ICONS"
"900",0,"8815-LMFLX"
"901",0,"8944-AILEF"
"902",0,"8963-MQVYN"
"903",0,"9025-ZRPVR"
"904",0,"9027-YFHQJ"
"905",0,"9046-DQMTP"
"906",0,"9092-GDZKO"
"907",0,"9103-CXVOK"
"908",0,"9184-GALIL"
"909",0,"9277-JOOMO"
"910",0,"9294-TDIPC"
"911",0,"9374-YOLBJ"
"912",0,"9391-TTOYH"
"913",0,"9441-QHEVC"
"914",0,"9578-FOMUK"
"915",0,"9753-OYLBX"
"916",0,"9837-FWLCH"
"917",0,"9975-SKRNR"
"918",0,"0017-DINOC"
"919",0,"0078-XZMHT"
"920",0,"0114-IGABW"
"921",0,"0229-LFJAF"
"922",0,"0244-LGNFY"
"923",0,"0292-WEGCH"
"924",0,"0336-PIKEI"
"925",0,"0343-QLUZP"
"926",0,"0361-HJRDX"
"927",0,"0379-DJQHR"
"928",0,"0412-UCCNP"
"929",0,"0459-SPZHJ"
"930",0,"0487-CRLZF"
"931",0,"0526-SXDJP"
"932",0,"0556-FJEGU"
"933",0,"0771-CHWSK"
"934",0,"0813-TAXXS"
"935",0,"0916-KNFAJ"
"936",0,"0942-KOWSM"
"937",0,"1027-LKKQQ"
"938",0,"1084-MNSMJ"
"939",0,"1088-AUUZZ"
"940",0,"1116-FRYVH"
"941",0,"1172-VIYBP"
"942",0,"1194-BHJYC"
"943",0,"1492-QGCLU"
"944",0,"1525-LNLOJ"
"945",0,"1568-BEKZM"
"946",0,"1568-LJSZU"
"947",0,"1837-YQUCE"
"948",0,"1972-XMUWV"
"949",0,"2040-LDIWQ"
"950",0,"2077-DDHJK"
"951",0,"2126-GSEGL"
"952",0,"2167-FQSTQ"
"953",0,"2176-LVPNX"
"954",0,"2192-OZITF"
"955",0,"2245-ADZFJ"
"956",0,"2294-DMMUS"
"957",0,"2302-OUZXB"
"958",0,"2363-BJLSL"
"959",0,"2378-YIZKA"
"960",0,"2400-XIWIO"
"961",0,"2580-ASVVY"
"962",0,"2725-TTRIQ"
"963",0,"2753-JMMCV"
"964",0,"3050-RLLXC"
"965",0,"3146-MSEGF"
"966",0,"3166-PNEOF"
"967",0,"3230-IUALN"
"968",0,"3259-KNMRR"
"969",0,"3262-EIDHV"
"970",0,"3410-YOQBQ"
"971",0,"3429-IFLEM"
"972",0,"3486-HOOGQ"
"973",0,"3508-VLHCZ"
"974",0,"3512-IZIKN"
"975",0,"3569-JFODW"
"976",0,"3654-ARMGP"
"977",0,"3891-NLXJB"
"978",0,"3911-RSNHI"
"979",0,"3913-FCUUW"
"980",0,"3938-YFPXD"
"981",0,"3948-KXDUF"
"982",0,"4077-HWUYD"
"983",0,"4079-VTGLK"
"984",0,"4254-QPEDE"
"985",0,"4293-ETKAP"
"986",0,"4500-HKANN"
"987",0,"4615-PIVVU"
"988",0,"4648-YPBTM"
"989",0,"4654-ULTTN"
"990",0,"4717-GHADL"
"991",0,"4737-HOBAX"
"992",0,"4751-ERMAN"
"993",0,"4782-OSFXZ"
"994",0,"4835-YSJMR"
"995",0,"4915-BFSXL"
"996",0,"4973-MGTON"
"997",0,"4992-LTJNE"
"998",0,"4994-OBRSZ"
"999",0,"5095-ETBRJ"
"1000",0,"5227-JSCFE"
"1001",0,"5232-NXPAY"
"1002",0,"5248-KWLAR"
"1003",0,"5248-RPYWW"
"1004",0,"5275-PMFUT"
"1005",0,"5317-FLPJF"
"1006",0,"5320-BRKGK"
"1007",0,"5321-NTRKC"
"1008",0,"5457-COLHT"
"1009",0,"5494-WOZRZ"
"1010",0,"5583-EJXRD"
"1011",0,"5656-MJEFC"
"1012",0,"5676-CFLYY"
"1013",0,"5702-KVQRD"
"1014",0,"5727-MYATE"
"1015",0,"5762-TJXGK"
"1016",0,"5788-YPOEG"
"1017",0,"5792-JALQC"
"1018",0,"5840-NVDCG"
"1019",0,"5879-HMFFH"
"1020",0,"5996-EBTKM"
"1021",0,"6034-ZRYCV"
"1022",0,"6087-YPWHO"
"1023",0,"6122-LJADA"
"1024",0,"6177-PEVRA"
"1025",0,"6253-GNHWH"
"1026",0,"6288-CHQJB"
"1027",0,"6384-VMJHP"
"1028",0,"6418-PIQSP"
"1029",0,"6427-FEFIG"
"1030",0,"6461-SZMCV"
"1031",0,"6479-VDGRK"
"1032",0,"6516-NKQBO"
"1033",0,"6549-BTYPG"
"1034",0,"6631-HMANX"
"1035",0,"6681-ZSEXG"
"1036",0,"6691-CCIHA"
"1037",0,"6727-IOTLZ"
"1038",0,"6732-VAILE"
"1039",0,"6754-LZUKA"
"1040",0,"6885-PKOAM"
"1041",0,"6953-PBDIN"
"1042",0,"7037-MTYVW"
"1043",0,"7139-JZFVG"
"1044",0,"7197-VOJMM"
"1045",0,"7233-PAHHL"
"1046",0,"7301-ABVAD"
"1047",0,"7503-MIOGA"
"1048",0,"7520-HQWJU"
"1049",0,"7524-VRLPL"
"1050",0,"7560-QJAVJ"
"1051",0,"7639-OPLNG"
"1052",0,"7649-SIJJF"
"1053",0,"7665-NKLAV"
"1054",0,"7758-UJWYS"
"1055",0,"7873-CVMAW"
"1056",0,"7921-BEPCI"
"1057",0,"7975-JMZNT"
"1058",0,"8039-ACLPL"
"1059",0,"8100-PNJMH"
"1060",0,"8125-QPFJD"
"1061",0,"8165-CBKXO"
"1062",0,"8166-ZZTFS"
"1063",0,"8200-LGKSR"
"1064",0,"8204-YJCLA"
"1065",0,"8221-HVAYI"
"1066",0,"8242-PDSGJ"
"1067",0,"8316-BBQAY"
"1068",0,"8434-PNQZX"
"1069",0,"8571-ZCMCX"
"1070",0,"8590-YFFQO"
"1071",0,"8630-QSGXK"
"1072",0,"8631-NBHFZ"
"1073",0,"8659-HDIYE"
"1074",0,"8780-YRMTT"
"1075",0,"8882-TLVRW"
"1076",0,"8990-YOZLV"
"1077",0,"9018-PCIOK"
"1078",0,"9065-ZCPQX"
"1079",0,"9073-ZZIAY"
"1080",0,"9110-HSGTV"
"1081",0,"9135-MGVPY"
"1082",0,"9194-GFVOI"
"1083",0,"9220-CXRSC"
"1084",0,"9225-BZLNZ"
"1085",0,"9227-YBAXE"
"1086",0,"9297-FVVDH"
"1087",0,"9443-JUBUO"
"1088",0,"9453-PATOS"
"1089",0,"9489-DEDVP"
"1090",0,"9499-XPZXM"
"1091",0,"9541-PWTWO"
"1092",0,"9560-BBZXK"
"1093",0,"9565-FLVCG"
"1094",0,"9769-TSBZE"
"1095",0,"9778-OGKQZ"
"1096",0,"9786-YWNHU"
"1097",0,"9795-SHUHB"
"1098",0,"9880-TDQAC"
"1099",0,"9919-FZDED"
"1100",0,"9995-HOTOH"
"1101",0,"0013-MHZWF"
"1102",0,"0056-EPFBG"
"1103",1,"0067-DKWBL"
"1104",0,"0076-LVEPS"
"1105",0,"0096-FCPUF"
"1106",0,"0117-LFRMW"
"1107",0,"0156-FVPTA"
"1108",0,"0191-EQUUH"
"1109",0,"0228-MAUWC"
"1110",0,"0277-BKSQP"
"1111",0,"0282-NVSJS"
"1112",0,"0295-QVKPB"
"1113",0,"0314-TKOSI"
"1114",1,"0322-CHQRU"
"1115",0,"0377-JBKKT"
"1116",0,"0384-RVBPI"
"1117",0,"0411-EZJZE"
"1118",0,"0415-MOSGF"
"1119",0,"0440-QEXBZ"
"1120",1,"0674-EYYZV"
"1121",0,"0701-TJSEF"
"1122",0,"0742-MOABM"
"1123",0,"0774-IFUVM"
"1124",0,"0778-NELLA"
"1125",0,"0799-DDIHE"
"1126",1,"0822-GAVAP"
"1127",0,"0823-HSCDJ"
"1128",0,"0842-IWYCP"
"1129",0,"0856-NAOES"
"1130",0,"0867-LDTTC"
"1131",0,"0870-VEMYL"
"1132",0,"0872-JCPIB"
"1133",0,"0909-SDHNU"
"1134",0,"0929-HYQEW"
"1135",1,"1024-GUALD"
"1136",0,"1097-FSPVW"
"1137",0,"1104-FEJAM"
"1138",0,"1114-CENIM"
"1139",0,"1125-SNVCK"
"1140",0,"1134-YWTYF"
"1141",0,"1251-KRREG"
"1142",0,"1304-BCCFO"
"1143",0,"1322-AGOQM"
"1144",0,"1324-NLTJE"
"1145",0,"1356-MKYSK"
"1146",0,"1360-RCYRT"
"1147",0,"1371-DWPAZ"
"1148",1,"1406-PUQVY"
"1149",0,"1442-BQPVU"
"1150",0,"1452-XRSJV"
"1151",0,"1465-LNTLJ"
"1152",1,"1496-GGSUK"
"1153",0,"1501-SGHBW"
"1154",0,"1541-ETJZO"
"1155",0,"1564-HJUVY"
"1156",0,"1597-FZREH"
"1157",1,"1612-EOHDH"
"1158",1,"1636-NTNCO"
"1159",1,"1660-HSOOQ"
"1160",0,"1684-FLBGS"
"1161",0,"1697-NVVGY"
"1162",0,"1702-CCFNJ"
"1163",0,"1703-MGIAB"
"1164",1,"1777-JYQPJ"
"1165",0,"1794-HBQTJ"
"1166",1,"1816-FLZDK"
"1167",0,"1845-ZLLIG"
"1168",1,"1963-SVUCV"
"1169",0,"2045-BMBTJ"
"1170",0,"2091-MJTFX"
"1171",0,"2108-GLPQB"
"1172",0,"2108-YKQTY"
"1173",1,"2135-RXIHG"
"1174",0,"2155-AMQRX"
"1175",0,"2207-NHRJK"
"1176",0,"2207-OBZNX"
"1177",1,"2209-XADXF"
"1178",0,"2232-DMLXU"
"1179",1,"2235-DWLJU"
"1180",0,"2272-UOINI"
"1181",0,"2309-OSFEU"
"1182",0,"2338-BQEZT"
"1183",0,"2346-DJQTB"
"1184",0,"2391-SOORI"
"1185",0,"2408-WITXK"
"1186",0,"2436-QBZFP"
"1187",0,"2458-EOMRE"
"1188",0,"2460-FPSYH"
"1189",0,"2582-FFFZR"
"1190",0,"2607-FBDFF"
"1191",1,"2740-TVLFN"
"1192",0,"2775-SEFEE"
"1193",0,"2782-JEEBU"
"1194",0,"2801-NISEI"
"1195",0,"2810-FTLEM"
"1196",0,"2826-DXLQO"
"1197",0,"2842-JTCCU"
"1198",1,"2862-PFNIK"
"1199",0,"2887-JPYLU"
"1200",0,"2971-SGAFL"
"1201",0,"2985-JUUBZ"
"1202",0,"3058-WQDRE"
"1203",1,"3063-QFSZL"
"1204",0,"3082-VQXNH"
"1205",0,"3090-LETTY"
"1206",0,"3097-IDVPU"
"1207",0,"3132-TVFDZ"
"1208",0,"3164-YAXFY"
"1209",1,"3165-HDOEW"
"1210",0,"3221-CJMSG"
"1211",0,"3234-VKACU"
"1212",0,"3255-GRXMG"
"1213",0,"3258-SANFR"
"1214",0,"3285-UCQVC"
"1215",0,"3346-BRMIS"
"1216",0,"3347-YJZZE"
"1217",1,"3413-BMNZE"
"1218",0,"3413-CSSTH"
"1219",1,"3439-GVUSX"
"1220",0,"3466-WAESX"
"1221",1,"3538-WZPHD"
"1222",0,"3580-REOAC"
"1223",0,"3604-WLABM"
"1224",0,"3620-MWJNE"
"1225",0,"3621-CHYVB"
"1226",0,"3629-WEAAM"
"1227",0,"3640-JQGJG"
"1228",0,"3656-TKRVZ"
"1229",0,"3658-KIBGF"
"1230",0,"3665-JATSN"
"1231",0,"3689-MOZGR"
"1232",0,"3694-DELSO"
"1233",0,"3780-YVMFA"
"1234",1,"3798-EPWRR"
"1235",0,"3806-DXQOM"
"1236",0,"3808-HFKDE"
"1237",0,"3863-QSTYI"
"1238",0,"3866-MDTUB"
"1239",0,"3873-NFTGI"
"1240",0,"3896-RCYYE"
"1241",0,"3946-MHCZW"
"1242",0,"3948-XHGNA"
"1243",1,"3961-SXAXY"
"1244",0,"3999-WRNGR"
"1245",0,"4011-ARPHK"
"1246",0,"4012-ZTHBR"
"1247",0,"4013-UBXWQ"
"1248",0,"4065-JJAVA"
"1249",0,"4104-PVRPS"
"1250",0,"4177-JPDFU"
"1251",1,"4237-RLAQD"
"1252",0,"4256-ZWTZI"
"1253",0,"4282-ACRXS"
"1254",0,"4316-XCSLJ"
"1255",0,"4324-BZCKL"
"1256",0,"4360-QRAVE"
"1257",1,"4361-JEIVL"
"1258",0,"4431-EDMIQ"
"1259",0,"4432-ADRLB"
"1260",0,"4452-QIIEB"
"1261",0,"4456-RHSNB"
"1262",0,"4468-YDOVK"
"1263",0,"4482-FTFFX"
"1264",0,"4501-VCPFK"
"1265",0,"4522-AKYLR"
"1266",0,"4581-LNWUM"
"1267",0,"4646-QZXTF"
"1268",0,"4647-XXZAM"
"1269",0,"4701-MLJPN"
"1270",0,"4718-DHSMV"
"1271",0,"4726-DLWQN"
"1272",1,"4729-XKASR"
"1273",0,"4747-LCAQL"
"1274",0,"4819-HJPIW"
"1275",0,"4918-QLLIW"
"1276",0,"4925-LMHOK"
"1277",0,"4926-UMJZD"
"1278",1,"4929-BSTRX"
"1279",0,"4950-BDEUX"
"1280",0,"4958-GZWIY"
"1281",0,"4959-JOSRX"
"1282",0,"5061-PBXFW"
"1283",0,"5087-SUURX"
"1284",0,"5103-MHMHY"
"1285",1,"5133-POWUA"
"1286",0,"5133-VRSAB"
"1287",0,"5155-AZQPB"
"1288",0,"5175-AOBHI"
"1289",0,"5204-QZXPU"
"1290",1,"5233-GEEAX"
"1291",1,"5261-QSHQM"
"1292",0,"5295-PCJOO"
"1293",0,"5307-UVGNB"
"1294",0,"5311-IHLEI"
"1295",0,"5337-IIWKZ"
"1296",0,"5349-AZPEW"
"1297",1,"5378-IKEEG"
"1298",0,"5402-HTOTQ"
"1299",0,"5404-GGUKR"
"1300",0,"5423-BHIXO"
"1301",0,"5445-GLVOT"
"1302",0,"5533-RJFTJ"
"1303",0,"5543-QDCRY"
"1304",0,"5590-ZSKRV"
"1305",0,"5651-WYIPH"
"1306",1,"5673-FSSMF"
"1307",0,"5701-ZIKJE"
"1308",0,"5707-ORNDZ"
"1309",0,"5766-XQXMQ"
"1310",0,"5778-BVOFB"
"1311",0,"5858-EAFCZ"
"1312",0,"5882-CMAZQ"
"1313",1,"5909-ECHUI"
"1314",0,"5939-XAIXZ"
"1315",0,"5949-EBSQK"
"1316",0,"5949-HGVJL"
"1317",0,"5995-OIGLP"
"1318",1,"5999-LCXAO"
"1319",1,"6127-IYJOZ"
"1320",0,"6133-OZILE"
"1321",0,"6137-MFAJN"
"1322",0,"6142-VSJQO"
"1323",1,"6158-HDPXZ"
"1324",0,"6180-YBIQI"
"1325",0,"6207-WIOLX"
"1326",1,"6235-VDHOM"
"1327",0,"6240-EURKS"
"1328",0,"6260-ONULR"
"1329",1,"6317-YPKDH"
"1330",0,"6322-HRPFA"
"1331",0,"6331-LWDTQ"
"1332",0,"6344-SFJVH"
"1333",0,"6366-XIVKZ"
"1334",0,"6397-JNZZG"
"1335",0,"6402-EJMWF"
"1336",0,"6434-TTGJP"
"1337",0,"6464-KEXXH"
"1338",0,"6475-VHUIZ"
"1339",0,"6483-OATDN"
"1340",0,"6497-TILVL"
"1341",0,"6505-OZNPG"
"1342",0,"6507-DTJZV"
"1343",0,"6575-SUVOI"
"1344",0,"6629-CZTTH"
"1345",0,"6629-LADHQ"
"1346",0,"6637-KYRCV"
"1347",0,"6704-UTUKK"
"1348",0,"6713-OKOMC"
"1349",0,"6715-OFDBP"
"1350",0,"6752-APNJL"
"1351",0,"6789-HJBWG"
"1352",0,"6791-YBNAK"
"1353",0,"6865-JZNKO"
"1354",0,"6873-UDNLD"
"1355",0,"6888-SBYAI"
"1356",0,"6898-MDLZW"
"1357",0,"6905-NIQIN"
"1358",0,"6921-OZMFH"
"1359",0,"7009-LGECI"
"1360",0,"7016-BPGEU"
"1361",0,"7041-TXQJH"
"1362",0,"7054-LGEQW"
"1363",0,"7074-STDCN"
"1364",0,"7130-CTCUS"
"1365",0,"7143-BQIBA"
"1366",0,"7240-ETPTR"
"1367",1,"7242-QZLXF"
"1368",1,"7246-ZGQDF"
"1369",0,"7284-BUYEC"
"1370",1,"7312-XSBAT"
"1371",0,"7318-EIVKO"
"1372",0,"7319-VENRZ"
"1373",0,"7339-POGZN"
"1374",0,"7351-KYHQH"
"1375",0,"7351-MHQVU"
"1376",1,"7384-GHBPI"
"1377",0,"7395-XWZOY"
"1378",0,"7421-ZLUPA"
"1379",1,"7442-YGZFK"
"1380",0,"7459-IMVYU"
"1381",0,"7470-MCQTK"
"1382",0,"7502-BNYGS"
"1383",0,"7521-AFHAB"
"1384",1,"7537-RBWEA"
"1385",0,"7593-JNWRU"
"1386",0,"7595-EHCDL"
"1387",0,"7605-SNLQG"
"1388",1,"7615-ESMYF"
"1389",0,"7619-ODSGN"
"1390",0,"7669-LCRSD"
"1391",1,"7675-OZCZG"
"1392",1,"7729-JTEEC"
"1393",0,"7733-UDMTP"
"1394",0,"7746-AWNQW"
"1395",0,"7754-IXRMC"
"1396",0,"7766-CLTIC"
"1397",0,"7799-DSEWS"
"1398",0,"7811-JIVPF"
"1399",1,"7825-GKXMW"
"1400",0,"7839-NUIAA"
"1401",0,"7854-EDSSA"
"1402",0,"7872-RDDLZ"
"1403",1,"7932-WPTDS"
"1404",0,"7950-XWOVN"
"1405",0,"7989-VCQOH"
"1406",0,"8017-UVSZU"
"1407",0,"8033-ATFAS"
"1408",0,"8049-WJCLQ"
"1409",1,"8064-RAVOH"
"1410",0,"8066-POXGX"
"1411",0,"8201-AAXCB"
"1412",0,"8217-QYOHV"
"1413",1,"8280-MQRQN"
"1414",0,"8292-TYSPY"
"1415",0,"8344-WFMFH"
"1416",0,"8399-YNDCH"
"1417",0,"8401-EMUWF"
"1418",0,"8450-JOVAH"
"1419",0,"8450-UYIBU"
"1420",0,"8455-HIRAQ"
"1421",0,"8467-WYNSR"
"1422",0,"8495-PRWFH"
"1423",0,"8498-XXGWA"
"1424",0,"8582-KRHPJ"
"1425",0,"8644-XYTSV"
"1426",0,"8648-PFRMP"
"1427",1,"8650-RHRKE"
"1428",0,"8663-UPDGF"
"1429",0,"8671-KKKOS"
"1430",1,"8705-WZCYL"
"1431",0,"8718-PTMEZ"
"1432",0,"8735-DCXNF"
"1433",0,"8740-XLHDR"
"1434",0,"8741-LQOBK"
"1435",0,"8756-RDDLT"
"1436",0,"8775-CEBBJ"
"1437",1,"8779-QRDMV"
"1438",0,"8824-RWFXJ"
"1439",0,"8851-RAGOV"
"1440",0,"8901-HJXTF"
"1441",1,"8992-JQYUN"
"1442",0,"9013-AQORL"
"1443",0,"9026-LHEVG"
"1444",0,"9039-RBEEE"
"1445",0,"9074-KGVOX"
"1446",0,"9103-TCIHJ"
"1447",1,"9136-ALYBR"
"1448",0,"9143-CANJF"
"1449",0,"9163-GHAYE"
"1450",0,"9206-GVPEQ"
"1451",0,"9236-NDUCW"
"1452",0,"9259-PACGQ"
"1453",0,"9269-CQOOL"
"1454",0,"9327-QSDED"
"1455",0,"9332-GYWLO"
"1456",0,"9362-MWODR"
"1457",0,"9474-PHLYD"
"1458",0,"9518-IMLHK"
"1459",0,"9554-DFKIC"
"1460",0,"9577-WJVCQ"
"1461",0,"9591-YVTEB"
"1462",0,"9626-WEQRM"
"1463",1,"9708-HPXWZ"
"1464",0,"9715-SBVSU"
"1465",1,"9732-KPKBW"
"1466",0,"9734-UYXQI"
"1467",0,"9763-GRSKD"
"1468",0,"9780-FKVVF"
"1469",0,"9796-MVYXX"
"1470",0,"9828-QHFBK"
"1471",0,"9862-KJTYK"
"1472",0,"9873-MNDKV"
"1473",0,"9938-EKRGF"
"1474",1,"0011-IGKFF"
"1475",1,"0023-XUOPT"
"1476",0,"0064-YIJGF"
"1477",1,"0094-OIFMO"
"1478",1,"0112-QAWRZ"
"1479",1,"0125-LZQXK"
"1480",1,"0137-OCGAB"
"1481",1,"0196-JTUQI"
"1482",1,"0219-YTZUE"
"1483",1,"0236-HFWSV"
"1484",0,"0257-ZESQC"
"1485",1,"0302-JOIVN"
"1486",1,"0315-LVCRK"
"1487",1,"0318-QUUOB"
"1488",1,"0334-GDDSO"
"1489",1,"0345-HKJVM"
"1490",1,"0365-BZUWY"
"1491",0,"0365-GXEZS"
"1492",1,"0378-TOVMS"
"1493",1,"0404-SWRVG"
"1494",0,"0439-IFYUN"
"1495",1,"0491-KAPQG"
"1496",0,"0618-XWMSS"
"1497",1,"0637-YLETY"
"1498",1,"0685-MLYYM"
"1499",1,"0689-NKYLF"
"1500",1,"0722-SVSFK"
"1501",1,"0727-IWKVK"
"1502",1,"0754-UKWQP"
"1503",1,"0772-GYEQQ"
"1504",1,"0781-LKXBR"
"1505",1,"0793-TWELN"
"1506",0,"0818-OCPZO"
"1507",1,"0848-ZGQIJ"
"1508",1,"0871-URUWO"
"1509",1,"0916-QOFDP"
"1510",0,"0947-MUGVO"
"1511",1,"0958-YHXGP"
"1512",1,"0970-ETWGE"
"1513",1,"1010-DIAUQ"
"1514",1,"1024-VRZHF"
"1515",0,"1047-NNCBF"
"1516",1,"1077-HUUJM"
"1517",1,"1112-CUNAO"
"1518",0,"1216-JWVUX"
"1519",0,"1228-ZLNBX"
"1520",0,"1236-WFCDV"
"1521",1,"1251-STYSZ"
"1522",1,"1268-ASBGA"
"1523",1,"1273-MTETI"
"1524",1,"1342-JPNKI"
"1525",1,"1379-FRVEB"
"1526",1,"1384-RCUXW"
"1527",1,"1389-CXMLU"
"1528",1,"1393-IMKZG"
"1529",0,"1396-QWFBJ"
"1530",0,"1428-GTBJJ"
"1531",1,"1508-DFXCU"
"1532",1,"1522-VVDMG"
"1533",1,"1579-KLYDT"
"1534",0,"1580-BMCMR"
"1535",1,"1602-IJQQE"
"1536",0,"1624-WOIWJ"
"1537",1,"1626-ERCMM"
"1538",1,"1628-BIZYP"
"1539",1,"1658-BYGOY"
"1540",1,"1746-TGTWV"
"1541",1,"1761-AEZZR"
"1542",0,"1845-CSBRZ"
"1543",1,"1853-UDXBW"
"1544",1,"1867-BDVFH"
"1545",1,"2004-OCQXK"
"1546",1,"2018-QKYGT"
"1547",1,"2027-FECZV"
"1548",1,"2034-GDRCN"
"1549",0,"2070-XYMFH"
"1550",1,"2074-GKOWZ"
"1551",1,"2074-GUHPQ"
"1552",1,"2114-MGINA"
"1553",1,"2123-AGEEN"
"1554",1,"2135-DQWAQ"
"1555",1,"2154-KVJFF"
"1556",0,"2178-PMGCJ"
"1557",0,"2203-GHNWN"
"1558",1,"2252-ISRNH"
"1559",1,"2254-DLXRI"
"1560",1,"2265-CYWIV"
"1561",1,"2272-QAGFO"
"1562",0,"2305-MRGLV"
"1563",1,"2344-JMOGN"
"1564",1,"2369-UAPKZ"
"1565",1,"2462-XIIJB"
"1566",1,"2506-TNFCO"
"1567",1,"2619-WFQWU"
"1568",1,"2642-DTVCO"
"1569",1,"2645-QTLMB"
"1570",1,"2656-TABEH"
"1571",1,"2660-EMUBI"
"1572",1,"2674-MIAHT"
"1573",1,"2725-KXXWT"
"1574",1,"2737-YNGYW"
"1575",1,"2739-CACDQ"
"1576",1,"2856-HYAPG"
"1577",1,"2865-TCHJW"
"1578",1,"2897-DOVND"
"1579",1,"2920-RNCEZ"
"1580",1,"2951-QOQTK"
"1581",0,"2955-BJZHG"
"1582",0,"2956-GGUCQ"
"1583",1,"2959-MJHIC"
"1584",0,"2960-NKRSO"
"1585",1,"2984-MIIZL"
"1586",0,"3002-WQZWT"
"1587",1,"3027-ZTDHO"
"1588",1,"3045-XETSH"
"1589",1,"3049-NDXFL"
"1590",1,"3066-RRJIO"
"1591",0,"3094-JOJAI"
"1592",1,"3138-BKYAV"
"1593",1,"3178-FESZO"
"1594",1,"3186-BAXNB"
"1595",0,"3197-ARFOY"
"1596",1,"3198-VELRD"
"1597",1,"3199-XGZCY"
"1598",1,"3244-DCJWY"
"1599",1,"3292-PBZEJ"
"1600",1,"3295-YVUSR"
"1601",1,"3398-FSHON"
"1602",0,"3398-ZOUAA"
"1603",1,"3422-GALYP"
"1604",1,"3422-LYEPQ"
"1605",1,"3428-XZMAZ"
"1606",1,"3453-RTHJQ"
"1607",1,"3488-PGMQJ"
"1608",1,"3494-JCHRQ"
"1609",1,"3519-ZKXGG"
"1610",0,"3540-RZJYU"
"1611",0,"3569-EDBPQ"
"1612",0,"3583-KRKMD"
"1613",1,"3644-QXEHN"
"1614",1,"3671-SHRSP"
"1615",1,"3707-GNWHM"
"1616",1,"3716-BDVDB"
"1617",1,"3727-RJMEO"
"1618",1,"3737-GCSPV"
"1619",1,"3750-CKVKH"
"1620",1,"3765-JXVKY"
"1621",1,"3801-HMYNL"
"1622",1,"3855-ONCAR"
"1623",0,"3858-VOBET"
"1624",1,"3871-IKPYH"
"1625",1,"3902-FOIGH"
"1626",0,"3943-KDREE"
"1627",0,"3956-CJUST"
"1628",0,"3987-KQDDU"
"1629",1,"4102-OQUPX"
"1630",1,"4143-OOBWZ"
"1631",1,"4192-GORJT"
"1632",1,"4236-XPXAV"
"1633",1,"4277-PVRAN"
"1634",1,"4285-GYRQC"
"1635",0,"4343-EJVQB"
"1636",1,"4360-PNRQB"
"1637",1,"4385-GZQXV"
"1638",1,"4424-TKOPW"
"1639",1,"4439-JMPMT"
"1640",0,"4503-BDXBD"
"1641",1,"4510-HIMLV"
"1642",1,"4514-GFCFI"
"1643",1,"4521-YEEHE"
"1644",1,"4536-PLEQY"
"1645",1,"4546-FOKWR"
"1646",1,"4547-KQRTM"
"1647",1,"4559-UWIHT"
"1648",1,"4566-NECEV"
"1649",1,"4572-DVCGN"
"1650",1,"4585-HETAI"
"1651",1,"4587-NUKOX"
"1652",1,"4631-OACRM"
"1653",1,"4636-QRJKY"
"1654",0,"4659-NZRUF"
"1655",1,"4706-AXVKM"
"1656",1,"4749-OJKQU"
"1657",1,"4770-UEZOX"
"1658",1,"4795-KTRTH"
"1659",1,"4818-QIUFN"
"1660",1,"4853-OITSN"
"1661",1,"4884-ZTHVF"
"1662",1,"4910-GMJOT"
"1663",1,"4927-WWOOZ"
"1664",1,"4929-XIHVW"
"1665",1,"4983-CCWMC"
"1666",1,"4988-IQIGL"
"1667",0,"5016-IBERQ"
"1668",1,"5027-QPKTE"
"1669",1,"5054-IEXZT"
"1670",1,"5168-MSWXT"
"1671",1,"5192-EBGOV"
"1672",1,"5228-EXCET"
"1673",1,"5229-PRWKT"
"1674",1,"5240-IJOQT"
"1675",1,"5271-DBYSJ"
"1676",1,"5339-PXDVH"
"1677",1,"5357-TZHPP"
"1678",1,"5364-EVNIB"
"1679",1,"5366-IJEQJ"
"1680",1,"5383-MMTWC"
"1681",1,"5429-LWCMV"
"1682",1,"5433-KYGHE"
"1683",1,"5442-BHQNG"
"1684",1,"5519-NPHVG"
"1685",1,"5539-TMZLF"
"1686",1,"5561-NWEVX"
"1687",0,"5572-ZDXHY"
"1688",1,"5597-GLBUC"
"1689",1,"5600-KTXFM"
"1690",1,"5605-IYGFG"
"1691",1,"5609-IMCGG"
"1692",0,"5626-MGTUK"
"1693",1,"5649-ANRML"
"1694",1,"5701-YVSVF"
"1695",1,"5747-PMBSQ"
"1696",1,"5760-FXFVO"
"1697",1,"5797-APWZC"
"1698",1,"5834-ASPWA"
"1699",1,"5842-POCOP"
"1700",1,"5879-SESNB"
"1701",1,"5884-GCYMI"
"1702",1,"5937-EORGB"
"1703",1,"5940-AHUHD"
"1704",1,"5956-VKDTT"
"1705",1,"5976-JCJRH"
"1706",1,"6015-VVHHE"
"1707",1,"6023-YEBUP"
"1708",1,"6077-BDPXA"
"1709",1,"6108-OQZDQ"
"1710",1,"6127-ISGTU"
"1711",1,"6161-UUUTA"
"1712",1,"6175-IRFIT"
"1713",1,"6178-KFNHS"
"1714",1,"6210-KBBPI"
"1715",0,"6227-HWPWX"
"1716",0,"6284-AHOOQ"
"1717",0,"6288-LBEAR"
"1718",0,"6319-IEJWJ"
"1719",1,"6328-ZPBGN"
"1720",1,"6330-JKLPC"
"1721",1,"6339-YPSAH"
"1722",1,"6347-DCUIK"
"1723",1,"6356-ELRKD"
"1724",1,"6357-JJPQT"
"1725",1,"6390-DSAZX"
"1726",1,"6407-UTSLV"
"1727",1,"6457-USBER"
"1728",1,"6474-FVJLC"
"1729",1,"6521-YYTYI"
"1730",1,"6551-GNYDG"
"1731",0,"6591-QGOYB"
"1732",1,"6615-NGGZJ"
"1733",1,"6653-CBBOM"
"1734",1,"6688-UZPWD"
"1735",1,"6689-TCZHQ"
"1736",0,"6693-FRIRW"
"1737",0,"6719-OXYBR"
"1738",0,"6729-GDNGC"
"1739",0,"6825-UYPFK"
"1740",1,"6833-JMZYP"
"1741",1,"6857-VWJDT"
"1742",1,"6861-XWTWQ"
"1743",1,"6877-TJMBR"
"1744",1,"6910-HADCM"
"1745",1,"6960-HVYXR"
"1746",1,"6996-KNSML"
"1747",0,"7020-OZKXZ"
"1748",1,"7029-RPUAV"
"1749",0,"7126-RBHSD"
"1750",1,"7156-MHUGY"
"1751",1,"7181-BQYBV"
"1752",1,"7225-CBZPL"
"1753",1,"7228-OMTPN"
"1754",1,"7235-NXZCP"
"1755",1,"7240-FQLHE"
"1756",1,"7249-WBIYX"
"1757",1,"7254-IQWOZ"
"1758",1,"7274-RTAPZ"
"1759",0,"7277-OZCGZ"
"1760",1,"7294-TMAOP"
"1761",1,"7295-JOMMD"
"1762",1,"7354-OIJLX"
"1763",1,"7363-QTBIW"
"1764",1,"7379-POKDZ"
"1765",1,"7398-SKNQZ"
"1766",0,"7401-RUBNK"
"1767",1,"7409-KIUTL"
"1768",1,"7410-YTJIK"
"1769",1,"7479-NITWS"
"1770",1,"7495-OOKFY"
"1771",0,"7503-QQRVF"
"1772",1,"7503-ZGUZJ"
"1773",0,"7504-UWHNB"
"1774",1,"7526-BEZQB"
"1775",0,"7534-BFESC"
"1776",0,"7562-UXTPG"
"1777",1,"7563-BIUPC"
"1778",1,"7577-SWIFR"
"1779",1,"7595-EUIVN"
"1780",1,"7598-UAASY"
"1781",0,"7611-YKYTC"
"1782",1,"7625-XCQRH"
"1783",1,"7638-QVMVY"
"1784",0,"7658-UYUQS"
"1785",1,"7660-HDPJV"
"1786",0,"7718-RXDGG"
"1787",1,"7760-OYPDY"
"1788",1,"7779-LGOVN"
"1789",1,"7783-YKGDV"
"1790",1,"7823-JSOAG"
"1791",0,"7825-ECJRF"
"1792",0,"7855-DIWPO"
"1793",0,"7901-HXJVA"
"1794",0,"7929-DMBCV"
"1795",0,"7964-VEXDG"
"1796",0,"7978-DKUQH"
"1797",1,"8000-REIQB"
"1798",1,"8040-MNRTF"
"1799",1,"8051-HJRLT"
"1800",1,"8058-INTPH"
"1801",1,"8058-JMEQO"
"1802",1,"8062-YBDOE"
"1803",1,"8063-RJYNF"
"1804",1,"8087-LGYHQ"
"1805",1,"8120-JDCAM"
"1806",1,"8309-IEYJD"
"1807",1,"8325-QRPZR"
"1808",1,"8337-UPOAQ"
"1809",1,"8372-JUXUI"
"1810",1,"8443-ZRDBZ"
"1811",1,"8510-AWCXC"
"1812",1,"8580-AECUZ"
"1813",1,"8584-KMVXD"
"1814",1,"8593-WHYHV"
"1815",1,"8603-IJWDN"
"1816",1,"8642-GVWRF"
"1817",1,"8644-XLFBW"
"1818",0,"8685-WHQPW"
"1819",1,"8687-BAFGU"
"1820",1,"8714-CTZJW"
"1821",1,"8752-STIVR"
"1822",0,"8778-LMWTJ"
"1823",1,"8780-IXSTS"
"1824",1,"8808-ELEHO"
"1825",1,"8816-VXNZD"
"1826",1,"8837-VVWLQ"
"1827",1,"8875-AKBYH"
"1828",1,"8937-RDTHP"
"1829",1,"8972-HJWNV"
"1830",0,"9054-FOWNV"
"1831",1,"9102-IAYHT"
"1832",1,"9121-PHQSR"
"1833",0,"9167-APMXZ"
"1834",1,"9250-WYPLL"
"1835",0,"9272-LSVYH"
"1836",1,"9274-CNFMO"
"1837",1,"9283-LZQOH"
"1838",1,"9314-IJWSQ"
"1839",1,"9330-IJWIO"
"1840",0,"9355-NPPFS"
"1841",1,"9391-EOYLI"
"1842",0,"9415-DPEWS"
"1843",0,"9432-VOFYX"
"1844",1,"9451-LPGOO"
"1845",1,"9488-HGMJH"
"1846",0,"9506-UXUSK"
"1847",0,"9512-UIBFX"
"1848",1,"9547-ITEFG"
"1849",1,"9605-WGJVW"
"1850",1,"9633-XQABV"
"1851",1,"9685-WKZGT"
"1852",1,"9714-EDSUC"
"1853",1,"9717-QEBGU"
"1854",0,"9722-UJOJR"
"1855",1,"9734-YWGEX"
"1856",1,"9741-YLNTD"
"1857",1,"9763-PDTKK"
"1858",1,"9787-XVQIU"
"1859",0,"9800-ONTFE"
"1860",1,"9840-EFJQB"
"1861",1,"9874-QLCLH"
"1862",1,"9878-TNQGW"
"1863",1,"9921-ZVRHG"
"1864",1,"9940-RHLFB"
"1865",0,"9947-OTFQU"
"1866",1,"9992-RRAMN"
"1867",0,"0060-FUALY"
"1868",0,"0089-IIQKO"
"1869",0,"0093-EXYQL"
"1870",0,"0093-XWZFY"
"1871",0,"0118-JPNOY"
"1872",1,"0141-YEAYS"
"1873",0,"0237-YFUTL"
"1874",0,"0324-BRPCJ"
"1875",1,"0362-ZBZWJ"
"1876",0,"0376-YMCJC"
"1877",0,"0396-YCHWO"
"1878",0,"0407-BDJKB"
"1879",0,"0410-IPFTY"
"1880",0,"0419-YAAPX"
"1881",1,"0434-CSFON"
"1882",0,"0468-YRPXN"
"1883",0,"0486-HECZI"
"1884",0,"0595-ITUDF"
"1885",0,"0621-HJWXJ"
"1886",0,"0634-SZPQA"
"1887",0,"0643-OKLRP"
"1888",1,"0666-UXTJO"
"1889",1,"0674-DGMAQ"
"1890",0,"0730-KOAVE"
"1891",0,"0843-WTBXE"
"1892",1,"0939-YAPAF"
"1893",0,"0963-ZBDRN"
"1894",0,"1035-IPQPU"
"1895",0,"1041-RXHRA"
"1896",1,"1104-TNLZA"
"1897",0,"1215-FIGMP"
"1898",0,"1216-BGTSP"
"1899",0,"1228-FZFRV"
"1900",0,"1264-BYWMS"
"1901",0,"1323-OOEPC"
"1902",0,"1343-EHPYB"
"1903",0,"1421-HCERK"
"1904",0,"1469-LBJQJ"
"1905",0,"1472-TNCWL"
"1906",0,"1481-ZUWZA"
"1907",0,"1482-OXZSY"
"1908",0,"1548-FEHVL"
"1909",0,"1550-LOAHA"
"1910",0,"1552-AAGRX"
"1911",0,"1689-MRZQR"
"1912",0,"1785-BPHTP"
"1913",0,"1867-TJHTS"
"1914",0,"1910-FMXJM"
"1915",0,"1930-WNXSB"
"1916",1,"2034-CGRHZ"
"1917",0,"2037-SGXHH"
"1918",1,"2080-CAZNM"
"1919",0,"2207-QPJED"
"1920",0,"2227-JRSJX"
"1921",0,"2240-HSJQD"
"1922",0,"2270-CHBFN"
"1923",0,"2302-ANTDP"
"1924",0,"2322-VCZHZ"
"1925",0,"2347-WKKAE"
"1926",1,"2362-IBOOY"
"1927",1,"2371-JQHZZ"
"1928",0,"2474-BRUCM"
"1929",0,"2475-MROZF"
"1930",1,"2568-OIADY"
"1931",0,"2573-GYRUU"
"1932",1,"2603-HVKCG"
"1933",1,"2665-NPTGL"
"1934",0,"2672-TGEFF"
"1935",0,"2674-MLXMN"
"1936",0,"2675-DHUTR"
"1937",0,"2796-UUZZO"
"1938",0,"2826-UWHIS"
"1939",0,"2832-KJCRD"
"1940",0,"2834-SPCJV"
"1941",1,"2840-XANRC"
"1942",1,"2845-AFFTX"
"1943",0,"2869-ADAWR"
"1944",0,"3005-NFMTA"
"1945",0,"3128-YOVTD"
"1946",0,"3170-GWYKC"
"1947",0,"3174-RKMOW"
"1948",0,"3194-ORPIK"
"1949",1,"3223-WZWJM"
"1950",0,"3316-UWXUY"
"1951",0,"3331-HQDTW"
"1952",0,"3352-ALMCK"
"1953",1,"3384-CTMSF"
"1954",0,"3481-JHUZH"
"1955",0,"3503-TYDAY"
"1956",0,"3537-HPKQT"
"1957",1,"3545-CNWRG"
"1958",1,"3565-UNOCC"
"1959",1,"3640-PHQXK"
"1960",0,"3761-FLYZI"
"1961",0,"3791-LGQCY"
"1962",0,"3814-MLAXC"
"1963",0,"3838-OZURD"
"1964",0,"3842-IYKUE"
"1965",0,"3923-CSIHK"
"1966",0,"3932-IJWDZ"
"1967",1,"3957-LXOLK"
"1968",0,"3976-BWUCK"
"1969",0,"3990-QYKBE"
"1970",1,"4094-NSEDU"
"1971",0,"4098-NAUKP"
"1972",0,"4176-FXYBO"
"1973",0,"4183-WCSEP"
"1974",0,"4188-FRABG"
"1975",0,"4194-WHFCB"
"1976",0,"4220-TINQT"
"1977",0,"4238-HFHSN"
"1978",0,"4248-HCETZ"
"1979",0,"4307-KTUMW"
"1980",0,"4402-FTBXC"
"1981",0,"4423-YLHDV"
"1982",1,"4433-JCGCG"
"1983",0,"4446-BZKHU"
"1984",0,"4450-MDZFX"
"1985",0,"4523-WXCEF"
"1986",0,"4550-VBOFE"
"1987",1,"4598-XLKNJ"
"1988",1,"4686-UXDML"
"1989",1,"4716-HHKQH"
"1990",0,"4803-AXVYP"
"1991",1,"4817-VYYWS"
"1992",0,"4826-TZEVA"
"1993",0,"4831-EOBFE"
"1994",0,"4840-ORQXB"
"1995",1,"4846-WHAFZ"
"1996",0,"4873-ILOLJ"
"1997",0,"4879-GZLFH"
"1998",0,"4918-FYJNT"
"1999",1,"4958-XCBDQ"
"2000",0,"4971-PUYQO"
"2001",0,"4998-IKFSE"
"2002",1,"5022-KVDQT"
"2003",0,"5055-MGMGF"
"2004",0,"5060-TQUQN"
"2005",1,"5117-IFGPS"
"2006",0,"5153-RTHKF"
"2007",0,"5213-TWWJU"
"2008",1,"5216-WASFJ"
"2009",0,"5222-IMUKT"
"2010",0,"5243-SAOTC"
"2011",0,"5281-BUZGT"
"2012",0,"5419-KLXBN"
"2013",0,"5461-QKNTN"
"2014",0,"5482-VXSXJ"
"2015",0,"5515-AKOAJ"
"2016",0,"5522-NYKPB"
"2017",0,"5536-RTPWK"
"2018",0,"5536-SLHPM"
"2019",1,"5569-OUICF"
"2020",0,"5575-TPIZQ"
"2021",0,"5647-FXOTP"
"2022",0,"5649-RXQTV"
"2023",1,"5651-YLPRD"
"2024",0,"5666-CYCYZ"
"2025",0,"5857-TYBCJ"
"2026",0,"5899-OUVKV"
"2027",0,"5921-NGYRH"
"2028",0,"5977-CKHON"
"2029",0,"5982-FPVQN"
"2030",0,"6067-NGCEU"
"2031",1,"6088-BXMRG"
"2032",0,"6173-GOLSU"
"2033",0,"6234-PFPXL"
"2034",1,"6242-MBHPK"
"2035",0,"6300-BWMJX"
"2036",1,"6311-UEUME"
"2037",0,"6377-WHAOX"
"2038",1,"6393-WRYZE"
"2039",0,"6572-ADKRS"
"2040",0,"6599-RCLCJ"
"2041",0,"6686-YPGHK"
"2042",0,"6741-EGCBI"
"2043",0,"6771-XWBDM"
"2044",0,"6818-WOBHJ"
"2045",1,"6851-WEFYX"
"2046",1,"6892-XPFPU"
"2047",0,"6897-UUBNU"
"2048",1,"6899-PPEEA"
"2049",1,"6907-NZZIJ"
"2050",0,"6952-OMNWB"
"2051",0,"6987-XQSJT"
"2052",0,"7011-CVEUC"
"2053",0,"7056-IMHCC"
"2054",0,"7137-RYLPP"
"2055",1,"7142-HVGBG"
"2056",0,"7181-OQCUT"
"2057",0,"7251-XFOIL"
"2058",0,"7271-AJDTL"
"2059",0,"7279-BUYWN"
"2060",1,"7392-YYPYJ"
"2061",1,"7402-EYFXX"
"2062",0,"7426-GSWPO"
"2063",0,"7449-HVPIV"
"2064",0,"7576-JMYWV"
"2065",0,"7587-AOVVU"
"2066",0,"7594-LZNWR"
"2067",0,"7599-FKVXZ"
"2068",0,"7730-IUTDZ"
"2069",0,"7776-QGYJC"
"2070",0,"7789-CRUVC"
"2071",1,"7813-ZGGAW"
"2072",0,"7979-CORPM"
"2073",0,"7982-VCELR"
"2074",1,"8059-UDZFY"
"2075",0,"8189-XRIKE"
"2076",1,"8397-MVTAZ"
"2077",0,"8429-XIBUM"
"2078",1,"8486-AYEQH"
"2079",0,"8565-CLBZW"
"2080",0,"8631-WUXGY"
"2081",0,"8647-SDTWQ"
"2082",1,"8696-JKZNU"
"2083",0,"8705-DWKTI"
"2084",0,"8714-EUHJO"
"2085",0,"8761-NSOBC"
"2086",1,"8819-IMISP"
"2087",0,"8868-GAGIO"
"2088",0,"8910-LEDAG"
"2089",1,"8922-LIEGH"
"2090",1,"8938-UMKPI"
"2091",0,"9003-CPATH"
"2092",0,"9090-SGQXL"
"2093",0,"9137-UIYPG"
"2094",0,"9142-KZXOP"
"2095",0,"9168-INPSZ"
"2096",0,"9281-OFDMF"
"2097",0,"9470-XCCEM"
"2098",0,"9495-SKLKD"
"2099",0,"9508-ILZDG"
"2100",0,"9526-JAWYF"
"2101",0,"9576-SYUHJ"
"2102",1,"9600-NAXZN"
"2103",1,"9647-ERGBE"
"2104",0,"9661-ACXBS"
"2105",0,"9701-CDXHR"
"2106",0,"9767-FFLEM"
"2107",0,"9777-WJJPR"
"2108",0,"9793-WECQC"
"2109",0,"9904-EHEVJ"
"2110",1,"9919-KNPOO"
"2111",0,"9921-QFQUL"
"2112",0,"9943-VSZUV"
"2113",0,"9948-YPTDG"
"2114",1,"9961-JBNMK"
